Date,Content
2023-03-15,https://boxd.it/6cKI
2023-03-15,https://boxd.it/7jLA
2023-03-15,https://boxd.it/8HjM
2023-12-17,https://boxd.it/nZrSk
2023-12-17,https://boxd.it/qKnTU
2023-12-17,https://boxd.it/pDj3C
2024-04-25,https://boxd.it/uKaAG
2024-09-29,https://boxd.it/z4GxU
2025-01-23,https://boxd.it/sdnIO
2025-01-31,https://boxd.it/DhMSQ
2025-02-12,https://boxd.it/brMGS
2025-03-24,https://boxd.it/FmFjM
2025-03-25,https://boxd.it/Fbl3s
2025-06-28,https://boxd.it/IaNHg
2025-06-30,https://boxd.it/JFwWa
2025-07-23,https://boxd.it/JbBda
2025-08-16,https://boxd.it/L01gS
2025-08-19,https://boxd.it/ND6uw
2025-11-20,https://boxd.it/koHIY
2026-01-05,https://boxd.it/Dkbc0
2026-01-11,https://boxd.it/lSV5q
2026-01-20,https://boxd.it/ROOJS
2026-01-23,https://boxd.it/RYUvM
2026-02-04,https://boxd.it/Lb60
2026-02-17,https://boxd.it/SDMC8
2026-02-19,https://boxd.it/S77Ey
2026-03-31,https://boxd.it/TA0bm
